Based,on,the,provided,syllabus,content,for,the,course,,Course,Outcomes,(COs),,and,Program,Outcomes,(POs),,I,will,create,a,CO-PO,mapping,table,indicating,the,strength,of,alignment,as,High,-3,,Medium,-2,,and,Low,(1).
,,,,,,,,,,,,,,,,,,,,,,,,,,,,,,,,,,,,,,,,
###,CO-PO,Mapping,Table,,,,,,,,,,,,,,,,,,,,,,,,,,,,,,,,,,,,,
,,,,,,,,,,,,,,,,,,,,,,,,,,,,,,,,,,,,,,,,
|,**Course,Outcomes,(COs)**,|,**PO1**,|,**PO2**,|,**PO3**,|,**PO4**,|,**PO5**,|,**PO6**,|,**PO7**,|,**PO8**,|,,,,,,,,,,,,,,,,,,,,
|-----------------------------------------------------------------------------------------------------------------|---------|---------|---------|---------|---------|---------|---------|---------|,,,,,,,,,,,,,,,,,,,,,,,,,,,,,,,,,,,,,,,,
|,**CO1:**,To,understand,the,concepts,of,pointers,,memory,management,,and,user-defined,data,types,like,structures,and,unions.,|,3,|,2,|,1,|,1,|,1,|,1,|,1,|,2,|,,,,
|,**CO2:**,To,apply,advanced,pointer,operations,,dynamic,memory,allocation,techniques,,and,structure-based,programming.,|,3,|,2,|,2,|,2,|,1,|,1,|,1,|,2,|,,,,,,,,
|,**CO3:**,To,analyse,file-handling,operations,,including,sequential,and,random,access,techniques,,for,efficient,data,processing.,|,2,|,3,|,3,|,2,|,1,|,1,|,1,|,2,|,,,,,,
|,**CO4:**,To,evaluate,the,use,of,preprocessor,directives,and,bitwise,operators,to,optimize,and,enhance,program,functionality.,|,2,|,1,|,1,|,3,|,1,|,1,|,1,|,2,|,,,,,,
,,,,,,,,,,,,,,,,,,,,,,,,,,,,,,,,,,,,,,,,
###,Explanation,of,Alignment,,,,,,,,,,,,,,,,,,,,,,,,,,,,,,,,,,,,,
,,,,,,,,,,,,,,,,,,,,,,,,,,,,,,,,,,,,,,,,
1,**CO1**,(Understanding,Pointers,and,User-defined,Data,Types):,,,,,,,,,,,,,,,,,,,,,,,,,,,,,,,,,
-,**PO1**:,High,because,it,involves,foundational,knowledge,in,programming.,,,,,,,,,,,,,,,,,,,,,,,,,,,,,,,
-,**PO2**:,Medium,as,it,requires,some,level,of,problem,analysis.,,,,,,,,,,,,,,,,,,,,,,,,,,,,,,
-,**PO3**:,Low,as,it,focuses,more,on,understanding,rather,than,developing,solutions.,,,,,,,,,,,,,,,,,,,,,,,,,,,,
-,**PO4**:,Low,since,this,outcome,isn't,specifically,about,optimization.,,,,,,,,,,,,,,,,,,,,,,,,,,,,,,,
-,**PO5**:,Low,for,teamwork,aspects,directly,related,to,this,CO.,,,,,,,,,,,,,,,,,,,,,,,,,,,,,,
-,**PO6-PO8**:,Low,with,some,relevance,in,lifelong,learning.,,,,,,,,,,,,,,,,,,,,,,,,,,,,,,,,
,,,,,,,,,,,,,,,,,,,,,,,,,,,,,,,,,,,,,,,,
2,**CO2**,(Applying,Advanced,Pointer,Operations):,,,,,,,,,,,,,,,,,,,,,,,,,,,,,,,,,,,
-,**PO1**:,High,due,to,the,application,of,programming,fundamentals.,,,,,,,,,,,,,,,,,,,,,,,,,,,,,,,
-,**PO2**:,Medium,since,it,involves,formulating,and,solving,problems.,,,,,,,,,,,,,,,,,,,,,,,,,,,,,,,
-,**PO3**:,Medium,as,it,involves,developing,innovative,solutions,using,advanced,techniques.,,,,,,,,,,,,,,,,,,,,,,,,,,,,,
-,**PO4**:,Medium,since,it,can,relate,to,optimization.,,,,,,,,,,,,,,,,,,,,,,,,,,,,,,,,
-,**PO5**:,Low,since,teamwork,isn't,directly,addressed.,,,,,,,,,,,,,,,,,,,,,,,,,,,,,,,,,
-,**PO6-PO8**:,Low,with,respect,to,project,management,and,lifelong,learning.,,,,,,,,,,,,,,,,,,,,,,,,,,,,,,
,,,,,,,,,,,,,,,,,,,,,,,,,,,,,,,,,,,,,,,,
3,**CO3**,(Analyzing,File,Handling,Operations):,,,,,,,,,,,,,,,,,,,,,,,,,,,,,,,,,,,
-,**PO1**:,Medium,as,file,operations,relate,to,foundational,knowledge.,,,,,,,,,,,,,,,,,,,,,,,,,,,,,,,
-,**PO2**:,High,because,it,requires,critical,analysis,of,file,handling,techniques.,,,,,,,,,,,,,,,,,,,,,,,,,,,,,
-,**PO3**:,High,as,it,involves,developing,and,investigating,solutions.,,,,,,,,,,,,,,,,,,,,,,,,,,,,,,,
-,**PO4**:,Medium,due,to,the,potential,for,optimization,using,files.,,,,,,,,,,,,,,,,,,,,,,,,,,,,,,
-,**PO5**:,Low,in,terms,of,teamwork,integration.,,,,,,,,,,,,,,,,,,,,,,,,,,,,,,,,,
-,**PO6-PO8**:,Low,relevance,to,project,management,and,ethics.,,,,,,,,,,,,,,,,,,,,,,,,,,,,,,,,
,,,,,,,,,,,,,,,,,,,,,,,,,,,,,,,,,,,,,,,,
4,**CO4**,(Evaluating,Preprocessor,Directives,and,Bitwise,Operators):,,,,,,,,,,,,,,,,,,,,,,,,,,,,,,,,,
-,**PO1**:,Medium,as,it,shows,understanding,of,foundational,programming,concepts.,,,,,,,,,,,,,,,,,,,,,,,,,,,,,,
-,**PO2-PO5**:,Low,since,it,does,not,specifically,engage,with,these,aspects.,,,,,,,,,,,,,,,,,,,,,,,,,,,,,
-,**PO3**:,High,because,evaluation,of,functionality,can,lead,to,problem-solving,strategies.,,,,,,,,,,,,,,,,,,,,,,,,,,,,,
-,**PO4**:,High,as,it,directly,relates,to,optimization.,,,,,,,,,,,,,,,,,,,,,,,,,,,,,,,,
-,**PO6-PO8**:,Medium,connection,to,lifelong,learning.,,,,,,,,,,,,,,,,,,,,,,,,,,,,,,,,,,
,,,,,,,,,,,,,,,,,,,,,,,,,,,,,,,,,,,,,,,,
This,mapping,shows,where,the,course,content,can,enhance,various,program,outcomes,effectively.,,,,,,,,,,,,,,,,,,,,,,,,,,,,
